{
  "model_name": "GPT-2 Small (INT8 - bitsandbytes)",
  "total_params": 137025808,
  "model_memory_mb": 168.36185455322266,
  "avg_latency_ms": 29.390403032302856,
  "std_latency_ms": 0.7904524152127249,
  "accuracy": 0.9457894736842105,
  "precision_macro": 0.9457880557096877,
  "recall_macro": 0.9457894736842105,
  "f1_macro": 0.9457648873180851,
  "precision_per_class": [
    0.9587737843551797,
    0.9868766404199475,
    0.9189333333333334,
    0.9185684647302904
  ],
  "recall_per_class": [
    0.9547368421052631,
    0.9894736842105263,
    0.9068421052631579,
    0.9321052631578948
  ],
  "f1_per_class": [
    0.9567510548523207,
    0.988173455978975,
    0.9128476821192053,
    0.9252873563218391
  ],
  "class_names": [
    "World",
    "Sports",
    "Business",
    "Sci/Tech"
  ],
  "extra_info": {
    "baseline_memory_mb": 486.71197509765625
  },
  "latency_percentiles": {
    "50": 29.327988624572754,
    "95": 30.2453875541687,
    "99": 31.575961112976074
  }
}