{
  "model_name": "GPT-2 Small (NF4 - bitsandbytes)",
  "total_params": 94558480,
  "model_memory_mb": 127.85598754882812,
  "avg_latency_ms": 16.656144380569458,
  "std_latency_ms": 0.623112289632812,
  "accuracy": 0.9469736842105263,
  "precision_macro": 0.9470348475828168,
  "recall_macro": 0.9469736842105263,
  "f1_macro": 0.946946218321566,
  "precision_per_class": [
    0.9592808038075092,
    0.9868766404199475,
    0.9263440860215054,
    0.9156378600823045
  ],
  "recall_per_class": [
    0.9547368421052631,
    0.9894736842105263,
    0.9068421052631579,
    0.9368421052631579
  ],
  "f1_per_class": [
    0.9570034291743603,
    0.988173455978975,
    0.9164893617021277,
    0.9261186264308012
  ],
  "class_names": [
    "World",
    "Sports",
    "Business",
    "Sci/Tech"
  ],
  "extra_info": {
    "baseline_memory_mb": 486.71197509765625
  },
  "latency_percentiles": {
    "50": 16.63219928741455,
    "95": 17.307567596435547,
    "99": 17.872331142425537
  }
}