{
  "model_name": "GPT-2 Small (Finetuned Baseline)",
  "total_params": 137025808,
  "model_memory_mb": 486.71197509765625,
  "accuracy": 0.9461842105263157,
  "loss": 0.2121502963368977,
  "precision_macro": 0.9461821412920135,
  "recall_macro": 0.9461842105263158,
  "f1_macro": 0.9461639521118012,
  "precision_per_class": [
    0.9593453009503696,
    0.9868697478991597,
    0.9195524773574854,
    0.918961038961039
  ],
  "recall_per_class": [
    0.9563157894736842,
    0.9889473684210527,
    0.9084210526315789,
    0.9310526315789474
  ],
  "f1_per_class": [
    0.9578281497100686,
    0.9879074658254469,
    0.9139528726502515,
    0.9249673202614379
  ],
  "class_names": [
    "World",
    "Sports",
    "Business",
    "Sci/Tech"
  ],
  "avg_latency_ms": 8.734886646270752,
  "std_latency_ms": 0.391386997534488,
  "latency_percentiles": {
    "50": 8.755683898925781,
    "95": 9.09491777420044,
    "99": 9.303898811340332
  }
}